{"cameraMode":{"drawMode":0,"name":"Shaded","section":"Shading Mode"},"sceneLighting":false,"audioPlay":false,"sceneViewState":{"showFog":true,"showMaterialUpdate":false,"showSkybox":false,"showFlares":true,"showImageEffects":true,"showParticleSystems":true},"in2DMode":false,"pivot":{"x":-0.004900455474853516,"y":1.4435535669326783,"z":-0.026229381561279298},"rotation":{"x":0.03712086006999016,"y":-0.6603763103485107,"z":0.0327153354883194,"w":0.74930340051651},"size":2.6905734539031984,"orthographic":true}