{"cameraMode":{"drawMode":0,"name":"Shaded","section":"Shading Mode"},"sceneLighting":false,"audioPlay":false,"sceneViewState":{"showFog":true,"showMaterialUpdate":false,"showSkybox":false,"showFlares":true,"showImageEffects":true,"showParticleSystems":true},"in2DMode":false,"pivot":{"x":-0.7814953327178955,"y":1.8174705505371094,"z":0.029009461402893068},"rotation":{"x":0.00887902732938528,"y":0.9857074022293091,"z":-0.15896987915039063,"w":0.05505584925413132},"size":4.314084529876709,"orthographic":true}