{"cameraMode":{"drawMode":0,"name":"Shaded","section":"Shading Mode"},"sceneLighting":false,"audioPlay":false,"sceneViewState":{"showFog":true,"showMaterialUpdate":false,"showSkybox":false,"showFlares":true,"showImageEffects":true,"showParticleSystems":true},"in2DMode":false,"pivot":{"x":0.0,"y":5.599999904632568,"z":1.4299999475479127},"rotation":{"x":0.0710475742816925,"y":0.1564439833164215,"z":-0.011283663101494313,"w":0.9850654006004334},"size":0.8660253882408142,"orthographic":false}