{"cameraMode":{"drawMode":0,"name":"Shaded","section":"Shading Mode"},"sceneLighting":false,"audioPlay":false,"sceneViewState":{"showFog":false,"showMaterialUpdate":true,"showSkybox":false,"showFlares":true,"showImageEffects":false,"showParticleSystems":true},"in2DMode":false,"pivot":{"x":-2.0698463916778566,"y":-0.7129490375518799,"z":-3.4633049964904787},"rotation":{"x":0.03912666067481041,"y":-0.9456186890602112,"z":0.12410853058099747,"w":0.2981165945529938},"size":2.6411783695220949,"orthographic":false}