{"cameraMode":{"drawMode":0,"name":"Shaded","section":"Shading Mode"},"sceneLighting":false,"audioPlay":false,"sceneViewState":{"showFog":true,"showMaterialUpdate":false,"showSkybox":false,"showFlares":true,"showImageEffects":true,"showParticleSystems":true},"in2DMode":false,"pivot":{"x":-9.7958984375,"y":2.3906033039093019,"z":-3.6604485511779787},"rotation":{"x":0.11245699226856232,"y":-0.46695980429649355,"z":0.060002900660037997,"w":0.8750590682029724},"size":5.430810451507568,"orthographic":false}