{"cameraMode":{"drawMode":0,"name":"Shaded","section":"Shading Mode"},"sceneLighting":true,"audioPlay":false,"sceneViewState":{"showFog":true,"showMaterialUpdate":false,"showSkybox":true,"showFlares":true,"showImageEffects":false,"showParticleSystems":true},"in2DMode":false,"pivot":{"x":-6.30892276763916,"y":2.733734369277954,"z":-1.0587760210037232},"rotation":{"x":0.31027907133102419,"y":0.1024070531129837,"z":-0.03364051878452301,"w":0.9445229172706604},"size":1.0428717136383057,"orthographic":false}