{"cameraMode":{"drawMode":0,"name":"Shaded","section":"Shading Mode"},"sceneLighting":false,"audioPlay":false,"sceneViewState":{"showFog":false,"showMaterialUpdate":true,"showSkybox":false,"showFlares":true,"showImageEffects":false,"showParticleSystems":true},"in2DMode":false,"pivot":{"x":-0.5172030925750732,"y":1.057810664176941,"z":0.17252491414546967},"rotation":{"x":0.05504576489329338,"y":-0.841717004776001,"z":0.08743008971214295,"w":0.5299423933029175},"size":2.6411783695220949,"orthographic":false}