{"cameraMode":{"drawMode":0,"name":"Shaded","section":"Shading Mode"},"sceneLighting":true,"audioPlay":false,"sceneViewState":{"showFog":true,"showMaterialUpdate":false,"showSkybox":true,"showFlares":true,"showImageEffects":false,"showParticleSystems":true},"in2DMode":false,"pivot":{"x":-2.3890984058380129,"y":-3.4956047534942629,"z":8.806785583496094},"rotation":{"x":0.3574228584766388,"y":-0.04757516458630562,"z":0.018233103677630426,"w":0.9325650334358215},"size":5.200000762939453,"orthographic":false}