{"cameraMode":{"drawMode":0,"name":"Shaded","section":"Shading Mode"},"sceneLighting":false,"audioPlay":false,"sceneViewState":{"showFog":true,"showMaterialUpdate":false,"showSkybox":false,"showFlares":true,"showImageEffects":true,"showParticleSystems":true},"in2DMode":false,"pivot":{"x":-2.876325845718384,"y":2.4790122509002687,"z":-2.0192575454711916},"rotation":{"x":0.08549589663743973,"y":0.3513621687889099,"z":-0.032239798456430438,"w":0.9317725300788879},"size":0.000017320508050033823,"orthographic":false}