{"cameraMode":{"drawMode":0,"name":"Shaded","section":"Shading Mode"},"sceneLighting":false,"audioPlay":false,"sceneViewState":{"showFog":true,"showMaterialUpdate":false,"showSkybox":false,"showFlares":true,"showImageEffects":true,"showParticleSystems":true},"in2DMode":false,"pivot":{"x":8.75533390045166,"y":-0.9473698139190674,"z":-0.2810094356536865},"rotation":{"x":0.17598876357078553,"y":-0.5150306820869446,"z":0.10896770656108856,"w":0.8318042755126953},"size":1.9941128492355347,"orthographic":false}