{"cameraMode":{"drawMode":0,"name":"Shaded","section":"Shading Mode"},"sceneLighting":true,"audioPlay":false,"sceneViewState":{"showFog":true,"showMaterialUpdate":false,"showSkybox":true,"showFlares":true,"showImageEffects":true,"showParticleSystems":true},"in2DMode":false,"pivot":{"x":15.355045318603516,"y":1.5824832916259766,"z":0.6768457889556885},"rotation":{"x":0.14787884056568147,"y":0.03174329921603203,"z":-0.00474881287664175,"w":0.9884865880012512},"size":10.0,"orthographic":false}